Workbook
Name Participants: Parameters!$E$5:$F$12
Name test: #REF!
Name Tasks: Parameters!$A$5:$C$24

Sheet Parameters
A1: Project: | B1: DBL Webtech
A4: Tasks | C4: estimated effort(hours) | E4: Participants | G4: Budget
A5: Task1 | B5: Sprint Planning | C5: 0.041666667 | E5: Student1 | F5: David | G5: 5.8333333
A6: Task2 | B6: Daily Scrum | C6: 0.041666667 | E6: Student2 | F6: Georgi | G6: 5.8333333
A7: Task3 | B7: Sprint Review | C7: 0.041666667 | E7: Student3 | F7: Jeroen | G7: 5.8333333
A8: Task4 | B8: Lectures/Plenary meetings | C8: 0.041666667 | E8: Student4 | F8: Julek | G8: 5.8333333
A9: Task5 | B9: Sprint Task 0. Administration | C9: 0.041666667 | E9: Student5 | F9: Sasha | G9: 5.8333333
A10: Task6 | B10: Sprint Task 1. Create website | C10: 0.041666667 | E10: Student6 | F10: Theo | G10: 5.8333333
A11: Task7 | B11: Sprint Task 2. Create visualization 1 | C11: 0.041666667 | F11: Total budget | G11: =SUM(G5:G10) -> 35
A12: Task8 | B12: Sprint Task 3. Allow for data upload | C12: 0.041666667
A13: Task9 | B13: Sprint Task 4. Create draft interim report | C13: 0.041666667
A14: Task10 | B14: Sprint Task 5. Create visualization 2 | C14: 0.041666667
A15: Task11 | B15: Sprint Task 6. Add interactions | C15: 0.041666667
A16: Task12 | B16: Sprint Task 7. Create interim video
A17: Task13 | B17: Sprint Task 8. Scalability
A18: Task14 | B18: Sprint Task 9. Ordering in visualizations
A19: Task15 | B19: Sprint Task 10. Upgrade interactions
A20: Task16 | B20: Sprint Task 11. Upgrade the website
A21: Task17 | B21: Sprint Task 12. Create Final Report
A22: Task18 | B22: Sprint Task 13. Create Final Video
A23: Task19 | B23: Sprint Task x.x
A24: Task20 | B24: Sprint Task x.x
B25: total estimated effort | C25: =SUM(C5:C24) -> 0.45833333
B26: remaining budget: | C26: =G11-C25 -> 34.541667

Sheet David
A2: Time registration | B2: {=INDEX(Participants,1,2)} -> David
B4: Week | C4: 1 | D4: 2 | E4: 3 | F4: 4 | G4: 5 | H4: 6 | I4: 7 | J4: 8 | K4: 9 | L4: 10
B5: Task
B6: {=INDEX(Tasks,1,2)} -> Sprint Planning | C6: 0.041666667 | D6: 0.083333333 | F6: 0.020833333 | H6: 0.0625 | I6: 0.0625
B7: {=INDEX(Tasks,2,2)} -> Daily Scrum | D7: 0.041666667 | E7: 0.041666667 | F7: 0.020833333 | G7: 0.041666667 | H7: 0.041666667 | I7: 0.083333333 | J7: 0.083333333 | K7: 0.25
B8: {=INDEX(Tasks,3,2)} -> Sprint Review | D8: 0.020833333 | E8: 0.020833333 | F8: 0.020833333 | G8: 0.020833333 | I8: 0.020833333
B9: {=INDEX(Tasks,4,2)} -> Lectures/Plenary meetings | C9: 0.041666667 | F9: 0.083333333
B10: {=INDEX(Tasks,5,2)} -> Sprint Task 0. Administration | C10: 0.0625 | D10: 0.10416667 | E10: 0.083333333 | F10: 0.041666667 | G10: 0.0625 | H10: 0.020833333 | J10: 0.041666667 | K10: 0.020833333
B11: {=INDEX(Tasks,6,2)} -> Sprint Task 1. Create website | D11: 0.25 | E11: 0.125 | K11: 0.020833333
B12: {=INDEX(Tasks,7,2)} -> Sprint Task 2. Create visualization 1 | C12: 0.083333333 | D12: 0.16666667 | E12: 0.125 | F12: 0.041666667
B13: {=INDEX(Tasks,8,2)} -> Sprint Task 3. Allow for data upload | E13: 0.083333333
B14: {=INDEX(Tasks,9,2)} -> Sprint Task 4. Create draft interim report | D14: 0.020833333 | E14: 0.0625 | F14: 0.10416667 | G14: 0.25
B15: {=INDEX(Tasks,10,2)} -> Sprint Task 5. Create visualization 2 | E15: 0.125
B16: {=INDEX(Tasks,11,2)} -> Sprint Task 6. Add interactions | E16: 0.33333333
B17: {=INDEX(Tasks,12,2)} -> Sprint Task 7. Create interim video | G17: 0.29166667 | J17: 0.125
B18: {=INDEX(Tasks,13,2)} -> Sprint Task 8. Scalability | I18: 0.041666667
B19: {=INDEX(Tasks,14,2)} -> Sprint Task 9. Ordering in visualizations | I19: 0.29166667 | J19: 0.083333333 | K19: 0.125
B20: {=INDEX(Tasks,15,2)} -> Sprint Task 10. Upgrade interactions | H20: 0.29166667 | I20: 0.25 | J20: 0.29166667 | K20: 0.33333333
B21: {=INDEX(Tasks,16,2)} -> Sprint Task 11. Upgrade the website | H21: 0.083333333 | K21: 0.29166667
B22: {=INDEX(Tasks,17,2)} -> Sprint Task 12. Create Final Report | I22: 0.083333333 | K22: 0.29166667
B23: {=INDEX(Tasks,18,2)} -> Sprint Task 13. Create Final Video | J23: 0.083333333
B24: {=INDEX(Tasks,19,2)} -> Sprint Task x.x
B25: {=INDEX(Tasks,20,2)} -> Sprint Task x.x
C26: =SUM(C6:C25) -> 0.22916667 | D26: =SUM(D6:D25) -> 0.6875 | E26: =SUM(E6:E25) -> 1 | F26: =SUM(F6:F25) -> 0.33333333 | G26: =SUM(G6:G25) -> 0.66666667 | H26: =SUM(H6:H25) -> 0.5 | I26: =SUM(I6:I25) -> 0.83333333 | J26: =SUM(J6:J25) -> 0.70833333 | ... L26: =SUM(L6:L25) -> 0
B28: hours spent | C28: =SUM(C26) -> 0.22916667 | D28: =SUM($C$26:D26) -> 0.91666667 | E28: =SUM($C$26:E26) -> 1.9166667 | F28: =SUM($C$26:F26) -> 2.25 | G28: =SUM($C$26:G26) -> 2.9166667 | H28: =SUM($C$26:H26) -> 3.4166667 | I28: =SUM($C$26:I26) -> 4.25 | J28: =SUM($C$26:J26) -> 4.9583333 | K28: =SUM($C$26:K26) -> 6.2916667 | L28: =SUM($C$26:L26) -> 6.2916667
B29: remaining hours | C29: =Parameters!$G$5-C28 -> 5.6041667 | D29: =Parameters!$G$5-D28 -> 4.9166667 | E29: =Parameters!$G$5-E28 -> 3.9166667 | F29: =Parameters!$G$5-F28 -> 3.5833333 | G29: =Parameters!$G$5-G28 -> 2.9166667 | H29: =Parameters!$G$5-H28 -> 2.4166667 | I29: =Parameters!$G$5-I28 -> 1.5833333 | J29: =Parameters!$G$5-J28 -> 0.875 | ... L29: =Parameters!$G$5-L28 -> -0.45833333

Sheet Georgi
A2: Time registration | B2: {=INDEX(Participants,2,2)} -> Georgi
B4: Week | C4: 1 | D4: 2 | E4: 3 | F4: 4 | G4: 5 | H4: 6 | I4: 7 | J4: 8 | K4: 9 | L4: 10
B5: Task
B6: {=INDEX(Tasks,1,2)} -> Sprint Planning | C6: 0.041666667 | D6: 0.0625
B7: {=INDEX(Tasks,2,2)} -> Daily Scrum | C7: 0.020833333 | D7: 0.041666667 | E7: 0.041666667
B8: {=INDEX(Tasks,3,2)} -> Sprint Review | D8: 0.020833333 | E8: 0.020833333
B9: {=INDEX(Tasks,4,2)} -> Lectures/Plenary meetings | C9: 0.041666667
B10: {=INDEX(Tasks,5,2)} -> Sprint Task 0. Administration | C10: 0.083333333 | D10: 0.125 | E10: 0.16666667
B11: {=INDEX(Tasks,6,2)} -> Sprint Task 1. Create website
B12: {=INDEX(Tasks,7,2)} -> Sprint Task 2. Create visualization 1
B13: {=INDEX(Tasks,8,2)} -> Sprint Task 3. Allow for data upload | E13: 0.16666667
B14: {=INDEX(Tasks,9,2)} -> Sprint Task 4. Create draft interim report | D14: 0.020833333 | E14: 0.020833333
B15: {=INDEX(Tasks,10,2)} -> Sprint Task 5. Create visualization 2
B16: {=INDEX(Tasks,11,2)} -> Sprint Task 6. Add interactions
B17: {=INDEX(Tasks,12,2)} -> Sprint Task 7. Create interim video
B18: {=INDEX(Tasks,13,2)} -> Sprint Task 8. Scalability
B19: {=INDEX(Tasks,14,2)} -> Sprint Task 9. Ordering in visualizations
B20: {=INDEX(Tasks,15,2)} -> Sprint Task 10. Upgrade interactions
B21: {=INDEX(Tasks,16,2)} -> Sprint Task 11. Upgrade the website
B22: {=INDEX(Tasks,17,2)} -> Sprint Task 12. Create Final Report
B23: {=INDEX(Tasks,18,2)} -> Sprint Task 13. Create Final Video
B24: {=INDEX(Tasks,19,2)} -> Sprint Task x.x
B25: {=INDEX(Tasks,20,2)} -> Sprint Task x.x
C26: =SUM(C6:C25) -> 0.1875 | D26: =SUM(D6:D25) -> 0.27083333 | E26: =SUM(E6:E25) -> 0.41666667 | F26: =SUM(F6:F25) -> 0 | G26: =SUM(G6:G25) -> 0 | H26: =SUM(H6:H25) -> 0 | I26: =SUM(I6:I25) -> 0 | J26: =SUM(J6:J25) -> 0 | ... L26: =SUM(L6:L25) -> 0
B28: hours spent | C28: =SUM(C26) -> 0.1875 | D28: =SUM($C$26:D26) -> 0.45833333 | E28: =SUM($C$26:E26) -> 0.875 | F28: =SUM($C$26:F26) -> 0.875 | G28: =SUM($C$26:G26) -> 0.875 | H28: =SUM($C$26:H26) -> 0.875 | I28: =SUM($C$26:I26) -> 0.875 | J28: =SUM($C$26:J26) -> 0.875 | K28: =SUM($C$26:K26) -> 0.875 | L28: =SUM($C$26:L26) -> 0.875
B29: remaining hours | C29: =Parameters!$G$6-C28 -> 5.6458333 | D29: =Parameters!$G$6-D28 -> 5.375 | E29: =Parameters!$G$6-E28 -> 4.9583333 | F29: =Parameters!$G$6-F28 -> 4.9583333 | G29: =Parameters!$G$6-G28 -> 4.9583333 | H29: =Parameters!$G$6-H28 -> 4.9583333 | I29: =Parameters!$G$6-I28 -> 4.9583333 | J29: =Parameters!$G$6-J28 -> 4.9583333 | ... L29: =Parameters!$G$6-L28 -> 4.9583333

Sheet Jeroen
A2: Time registration | B2: {=INDEX(Participants,3,2)} -> Jeroen
B4: Week | C4: 1 | D4: 2 | E4: 3 | F4: 4 | G4: 5 | H4: 6 | I4: 7 | J4: 8 | K4: 9 | L4: 10
B5: Task
B6: {=INDEX(Tasks,1,2)} -> Sprint Planning | D6: 0.0625 | F6: 0.0625 | H6: 0.0625 | J6: 0.0625
B7: {=INDEX(Tasks,2,2)} -> Daily Scrum | C7: 0.16666667 | D7: 0.16666667 | E7: 0.16666667 | F7: 0.16666667 | G7: 0.16666667 | H7: 0.16666667 | I7: 0.083333333 | J7: 0.083333333 | K7: 0.25
B8: {=INDEX(Tasks,3,2)} -> Sprint Review | E8: 0.041666667 | F8: 0.041666667 | K8: 0.125
B9: {=INDEX(Tasks,4,2)} -> Lectures/Plenary meetings | C9: 0.083333333
B10: {=INDEX(Tasks,5,2)} -> Sprint Task 0. Administration | C10: 0.020833333 | K10: 0.083333333
B11: {=INDEX(Tasks,6,2)} -> Sprint Task 1. Create website
B12: {=INDEX(Tasks,7,2)} -> Sprint Task 2. Create visualization 1 | C12: 0.083333333 | D12: 0.125 | E12: 0.083333333
B13: {=INDEX(Tasks,8,2)} -> Sprint Task 3. Allow for data upload
B14: {=INDEX(Tasks,9,2)} -> Sprint Task 4. Create draft interim report | E14: 0.14583333 | G14: 0.125
B15: {=INDEX(Tasks,10,2)} -> Sprint Task 5. Create visualization 2
B16: {=INDEX(Tasks,11,2)} -> Sprint Task 6. Add interactions | D16: 0.041666667 | E16: 0.0625
B17: {=INDEX(Tasks,12,2)} -> Sprint Task 7. Create interim video | G17: 0.125
B18: {=INDEX(Tasks,13,2)} -> Sprint Task 8. Scalability
B19: {=INDEX(Tasks,14,2)} -> Sprint Task 9. Ordering in visualizations | H19: 0.29166667 | I19: 0.33333333 | J19: 0.083333333 | K19: 0.25
B20: {=INDEX(Tasks,15,2)} -> Sprint Task 10. Upgrade interactions | K20: 0.083333333
B21: {=INDEX(Tasks,16,2)} -> Sprint Task 11. Upgrade the website | K21: 0.041666667
B22: {=INDEX(Tasks,17,2)} -> Sprint Task 12. Create Final Report | I22: 0.083333333 | J22: 0.375 | K22: 0.83333333
B23: {=INDEX(Tasks,18,2)} -> Sprint Task 13. Create Final Video | J23: 0.125
B24: {=INDEX(Tasks,19,2)} -> Sprint Task x.x
B25: {=INDEX(Tasks,20,2)} -> Sprint Task x.x
C26: =SUM(C6:C25) -> 0.35416667 | D26: =SUM(D6:D25) -> 0.39583333 | E26: =SUM(E6:E25) -> 0.5 | F26: =SUM(F6:F25) -> 0.27083333 | G26: =SUM(G6:G25) -> 0.41666667 | H26: =SUM(H6:H25) -> 0.52083333 | I26: =SUM(I6:I25) -> 0.5 | J26: =SUM(J6:J25) -> 0.72916667 | ... L26: =SUM(L6:L25) -> 0
B28: hours spent | C28: =SUM(C26) -> 0.35416667 | D28: =SUM($C$26:D26) -> 0.75 | E28: =SUM($C$26:E26) -> 1.25 | F28: =SUM($C$26:F26) -> 1.5208333 | G28: =SUM($C$26:G26) -> 1.9375 | H28: =SUM($C$26:H26) -> 2.4583333 | I28: =SUM($C$26:I26) -> 2.9583333 | J28: =SUM($C$26:J26) -> 3.6875 | K28: =SUM($C$26:K26) -> 5.3541667 | L28: =SUM($C$26:L26) -> 5.3541667
B29: remaining hours | C29: =Parameters!$G$7-C28 -> 5.4791667 | D29: =Parameters!$G$7-D28 -> 5.0833333 | E29: =Parameters!$G$7-E28 -> 4.5833333 | F29: =Parameters!$G$7-F28 -> 4.3125 | G29: =Parameters!$G$7-G28 -> 3.8958333 | H29: =Parameters!$G$7-H28 -> 3.375 | I29: =Parameters!$G$7-I28 -> 2.875 | J29: =Parameters!$G$7-J28 -> 2.1458333 | ... L29: =Parameters!$G$7-L28 -> 0.47916667

Sheet Julek
A2: Time registration | B2: {=INDEX(Participants,4,2)} -> Julek
B4: Week | C4: 1 | D4: 2 | E4: 3 | F4: 4 | G4: 5 | H4: 6 | I4: 7 | J4: 8 | K4: 9 | L4: 10
B5: Task
B6: {=INDEX(Tasks,1,2)} -> Sprint Planning | C6: 0.041666667 | D6: 0.083333333 | E6: 0.020833333 | F6: 0.020833333
B7: {=INDEX(Tasks,2,2)} -> Daily Scrum | C7: 0.020833333 | D7: 0.041666667 | E7: 0.041666667 | F7: 0.083333333 | G7: 0.041666667 | H7: 0.083333333 | I7: 0.041666667 | J7: 0.0625 | K7: 0.16666667
B8: {=INDEX(Tasks,3,2)} -> Sprint Review | D8: 0.020833333 | F8: 0.041666667 | G8: 0.020833333 | H8: 0.041666667 | I8: 0.0625 | J8: 0.0625 | K8: 0.083333333
B9: {=INDEX(Tasks,4,2)} -> Lectures/Plenary meetings | C9: 0.041666667 | F9: 0.041666667
B10: {=INDEX(Tasks,5,2)} -> Sprint Task 0. Administration | C10: 0.0625 | D10: 0.083333333 | E10: 0.041666667 | F10: 0.041666667 | G10: 0.020833333
B11: {=INDEX(Tasks,6,2)} -> Sprint Task 1. Create website | C11: 0.25 | D11: 0.20833333 | F11: 0.10416667 | G11: 0.083333333
B12: {=INDEX(Tasks,7,2)} -> Sprint Task 2. Create visualization 1
B13: {=INDEX(Tasks,8,2)} -> Sprint Task 3. Allow for data upload
B14: {=INDEX(Tasks,9,2)} -> Sprint Task 4. Create draft interim report | E14: 0.16666667 | F14: 0.25 | G14: 0.125
B15: {=INDEX(Tasks,10,2)} -> Sprint Task 5. Create visualization 2
B16: {=INDEX(Tasks,11,2)} -> Sprint Task 6. Add interactions
B17: {=INDEX(Tasks,12,2)} -> Sprint Task 7. Create interim video | G17: 0.16666667
B18: {=INDEX(Tasks,13,2)} -> Sprint Task 8. Scalability
B19: {=INDEX(Tasks,14,2)} -> Sprint Task 9. Ordering in visualizations | H19: 0.083333333 | I19: 0.16666667
B20: {=INDEX(Tasks,15,2)} -> Sprint Task 10. Upgrade interactions
B21: {=INDEX(Tasks,16,2)} -> Sprint Task 11. Upgrade the website | H21: 0.20833333 | I21: 0.29166667 | J21: 0.20833333 | K21: 0.25
B22: {=INDEX(Tasks,17,2)} -> Sprint Task 12. Create Final Report | J22: 0.1875 | K22: 0.25
B23: {=INDEX(Tasks,18,2)} -> Sprint Task 13. Create Final Video | J23: 0.41666667 | K23: 0.29166667
B24: {=INDEX(Tasks,19,2)} -> Sprint Task x.x
B25: {=INDEX(Tasks,20,2)} -> Sprint Task x.x
C26: =SUM(C6:C25) -> 0.41666667 | D26: =SUM(D6:D25) -> 0.4375 | E26: =SUM(E6:E25) -> 0.27083333 | F26: =SUM(F6:F25) -> 0.58333333 | G26: =SUM(G6:G25) -> 0.45833333 | H26: =SUM(H6:H25) -> 0.41666667 | I26: =SUM(I6:I25) -> 0.5625 | J26: =SUM(J6:J25) -> 0.9375 | ... L26: =SUM(L6:L25) -> 0
B28: hours spent | C28: =SUM(C26) -> 0.41666667 | D28: =SUM($C$26:D26) -> 0.85416667 | E28: =SUM($C$26:E26) -> 1.125 | F28: =SUM($C$26:F26) -> 1.7083333 | G28: =SUM($C$26:G26) -> 2.1666667 | H28: =SUM($C$26:H26) -> 2.5833333 | I28: =SUM($C$26:I26) -> 3.1458333 | J28: =SUM($C$26:J26) -> 4.0833333 | K28: =SUM($C$26:K26) -> 5.125 | L28: =SUM($C$26:L26) -> 5.125
B29: remaining hours | C29: =Parameters!$G$8-C28 -> 5.4166667 | D29: =Parameters!$G$8-D28 -> 4.9791667 | E29: =Parameters!$G$8-E28 -> 4.7083333 | F29: =Parameters!$G$8-F28 -> 4.125 | G29: =Parameters!$G$8-G28 -> 3.6666667 | H29: =Parameters!$G$8-H28 -> 3.25 | I29: =Parameters!$G$8-I28 -> 2.6875 | J29: =Parameters!$G$8-J28 -> 1.75 | ... L29: =Parameters!$G$8-L28 -> 0.70833333

Sheet Theo
A2: Time registration | B2: {=INDEX(Participants,6,2)} -> Theo
B4: Week | C4: 1 | D4: 2 | E4: 3 | F4: 4 | G4: 5 | H4: 6 | I4: 7 | J4: 8 | K4: 9 | L4: 10
B5: Task
B6: {=INDEX(Tasks,1,2)} -> Sprint Planning | C6: 0.041666667 | D6: 0.083333333 | E6: 0.041666667 | F6: 0.020833333 | H6: 0.0625 | K6: 0.041666667
B7: {=INDEX(Tasks,2,2)} -> Daily Scrum | C7: 0.020833333 | D7: 0.0625 | E7: 0.0625 | F7: 0.0625 | G7: 0.041666667 | H7: 0.041666667 | I7: 0.041666667 | J7: 0.020833333 | K7: 0.0625
B8: {=INDEX(Tasks,3,2)} -> Sprint Review | D8: 0.020833333 | F8: 0.020833333 | G8: 0.020833333 | I8: 0.0625 | K8: 0.041666667
B9: {=INDEX(Tasks,4,2)} -> Lectures/Plenary meetings | C9: 0.041666667
B10: {=INDEX(Tasks,5,2)} -> Sprint Task 0. Administration | C10: 0.083333333 | D10: 0.16666667 | E10: 0.083333333 | F10: 0.041666667
B11: {=INDEX(Tasks,6,2)} -> Sprint Task 1. Create website
B12: {=INDEX(Tasks,7,2)} -> Sprint Task 2. Create visualization 1
B13: {=INDEX(Tasks,8,2)} -> Sprint Task 3. Allow for data upload | C13: 0.083333333 | D13: 0.041666667 | E13: 0.29166667 | F13: 0.083333333
B14: {=INDEX(Tasks,9,2)} -> Sprint Task 4. Create draft interim report | E14: 0.0625 | F14: 0.20833333 | G14: 0.16666667
B15: {=INDEX(Tasks,10,2)} -> Sprint Task 5. Create visualization 2
B16: {=INDEX(Tasks,11,2)} -> Sprint Task 6. Add interactions
B17: {=INDEX(Tasks,12,2)} -> Sprint Task 7. Create interim video | G17: 0.14583333
B18: {=INDEX(Tasks,13,2)} -> Sprint Task 8. Scalability | H18: 0.22916667
B19: {=INDEX(Tasks,14,2)} -> Sprint Task 9. Ordering in visualizations
B20: {=INDEX(Tasks,15,2)} -> Sprint Task 10. Upgrade interactions
B21: {=INDEX(Tasks,16,2)} -> Sprint Task 11. Upgrade the website | I21: 0.83333333 | J21: 0.77083333 | K21: 0.10416667
B22: {=INDEX(Tasks,17,2)} -> Sprint Task 12. Create Final Report | J22: 0.16666667 | K22: 0.35416667
B23: {=INDEX(Tasks,18,2)} -> Sprint Task 13. Create Final Video | J23: 0.20833333
B24: {=INDEX(Tasks,19,2)} -> Sprint Task x.x
B25: {=INDEX(Tasks,20,2)} -> Sprint Task x.x
C26: =SUM(C6:C25) -> 0.27083333 | D26: =SUM(D6:D25) -> 0.375 | E26: =SUM(E6:E25) -> 0.54166667 | F26: =SUM(F6:F25) -> 0.4375 | G26: =SUM(G6:G25) -> 0.375 | H26: =SUM(H6:H25) -> 0.33333333 | I26: =SUM(I6:I25) -> 0.9375 | J26: =SUM(J6:J25) -> 1.1666667 | ... L26: =SUM(L6:L25) -> 0
B28: hours spent | C28: =SUM(C26) -> 0.27083333 | D28: =SUM($C$26:D26) -> 0.64583333 | E28: =SUM($C$26:E26) -> 1.1875 | F28: =SUM($C$26:F26) -> 1.625 | G28: =SUM($C$26:G26) -> 2 | H28: =SUM($C$26:H26) -> 2.3333333 | I28: =SUM($C$26:I26) -> 3.2708333 | J28: =SUM($C$26:J26) -> 4.4375 | K28: =SUM($C$26:K26) -> 5.0416667 | L28: =SUM($C$26:L26) -> 5.0416667
B29: remaining hours | C29: =Parameters!$G$10-C28 -> 5.5625 | D29: =Parameters!$G$10-D28 -> 5.1875 | E29: =Parameters!$G$10-E28 -> 4.6458333 | F29: =Parameters!$G$10-F28 -> 4.2083333 | G29: =Parameters!$G$10-G28 -> 3.8333333 | H29: =Parameters!$G$10-H28 -> 3.5 | I29: =Parameters!$G$10-I28 -> 2.5625 | J29: =Parameters!$G$10-J28 -> 1.3958333 | ... L29: =Parameters!$G$10-L28 -> 0.79166667

Sheet Sasha
A2: Time registration | B2: {=INDEX(Participants,5,2)} -> Sasha
B4: Week | C4: 1 | D4: 2 | E4: 3 | F4: 4 | G4: 5 | H4: 6 | I4: 7 | J4: 8 | K4: 9 | L4: 10
B5: Task
B6: {=INDEX(Tasks,1,2)} -> Sprint Planning | C6: 0.041666667 | D6: 0.083333333 | F6: 0.020833333 | H6: 0.0625
B7: {=INDEX(Tasks,2,2)} -> Daily Scrum | D7: 0.041666667 | E7: 0.041666667 | F7: 0.041666667 | G7: 0.041666667 | H7: 0.041666667 | I7: 0.041666667 | J7: 0.041666667 | K7: 0.041666667
B8: {=INDEX(Tasks,3,2)} -> Sprint Review | D8: 0.020833333 | F8: 0.041666667 | G8: 0.020833333 | I8: 0.041666667 | K8: 0.083333333
B9: {=INDEX(Tasks,4,2)} -> Lectures/Plenary meetings | C9: 0.041666667
B10: {=INDEX(Tasks,5,2)} -> Sprint Task 0. Administration | C10: 0.083333333 | D10: 0.041666667 | E10: 0.041666667 | F10: 0.041666667 | G10: 0.041666667 | I10: 0.041666667 | K10: 0.041666667
B11: {=INDEX(Tasks,6,2)} -> Sprint Task 1. Create website
B12: {=INDEX(Tasks,7,2)} -> Sprint Task 2. Create visualization 1
B13: {=INDEX(Tasks,8,2)} -> Sprint Task 3. Allow for data upload | C13: 0.125 | D13: 0.33333333 | E13: 0.625
B14: {=INDEX(Tasks,9,2)} -> Sprint Task 4. Create draft interim report | E14: 0.041666667 | F14: 0.25 | G14: 0.20833333
B15: {=INDEX(Tasks,10,2)} -> Sprint Task 5. Create visualization 2
B16: {=INDEX(Tasks,11,2)} -> Sprint Task 6. Add interactions
B17: {=INDEX(Tasks,12,2)} -> Sprint Task 7. Create interim video | G17: 0.14583333
B18: {=INDEX(Tasks,13,2)} -> Sprint Task 8. Scalability
B19: {=INDEX(Tasks,14,2)} -> Sprint Task 9. Ordering in visualizations | H19: 0.16666667 | I19: 0.83333333 | J19: 0.41666667 | K19: 0.083333333
B20: {=INDEX(Tasks,15,2)} -> Sprint Task 10. Upgrade interactions
B21: {=INDEX(Tasks,16,2)} -> Sprint Task 11. Upgrade the website
B22: {=INDEX(Tasks,17,2)} -> Sprint Task 12. Create Final Report | K22: 0.625
B23: {=INDEX(Tasks,18,2)} -> Sprint Task 13. Create Final Video | J23: 0.083333333
B24: {=INDEX(Tasks,19,2)} -> Sprint Task x.x
B25: {=INDEX(Tasks,20,2)} -> Sprint Task x.x
C26: =SUM(C6:C25) -> 0.29166667 | D26: =SUM(D6:D25) -> 0.52083333 | E26: =SUM(E6:E25) -> 0.75 | F26: =SUM(F6:F25) -> 0.39583333 | G26: =SUM(G6:G25) -> 0.45833333 | H26: =SUM(H6:H25) -> 0.27083333 | I26: =SUM(I6:I25) -> 0.95833333 | J26: =SUM(J6:J25) -> 0.54166667 | ... L26: =SUM(L6:L25) -> 0
B28: hours spent | C28: =SUM(C26) -> 0.29166667 | D28: =SUM($C$26:D26) -> 0.8125 | E28: =SUM($C$26:E26) -> 1.5625 | F28: =SUM($C$26:F26) -> 1.9583333 | G28: =SUM($C$26:G26) -> 2.4166667 | H28: =SUM($C$26:H26) -> 2.6875 | I28: =SUM($C$26:I26) -> 3.6458333 | J28: =SUM($C$26:J26) -> 4.1875 | K28: =SUM($C$26:K26) -> 5.0625 | L28: =SUM($C$26:L26) -> 5.0625
B29: remaining hours | C29: =Parameters!$G$9-C28 -> 5.5416667 | D29: =Parameters!$G$9-D28 -> 5.0208333 | E29: =Parameters!$G$9-E28 -> 4.2708333 | F29: =Parameters!$G$9-F28 -> 3.875 | G29: =Parameters!$G$9-G28 -> 3.4166667 | H29: =Parameters!$G$9-H28 -> 3.1458333 | I29: =Parameters!$G$9-I28 -> 2.1875 | J29: =Parameters!$G$9-J28 -> 1.6458333 | ... L29: =Parameters!$G$9-L28 -> 0.77083333

Sheet Graphs

Sheet Totals
B2: Totals and charts
C5: week1 | D5: week2 | E5: week3 | F5: week4 | G5: week5 | H5: week6 | I5: week7 | J5: week8 | K5: week9 | L5: week10 | M5: Totals | N5: % Finished
B6: {=INDEX(Tasks,1,2)} -> Sprint Planning | C6: =SUM(Jeroen!C6,David!C6,Georgi!C6,Julek!C6,Sasha!C6,Theo!C6) -> 0.20833333 | D6: =SUM(Jeroen!D6,David!D6,Georgi!D6,Julek!D6,Sasha!D6,Theo!D6) -> 0.45833333 | E6: =SUM(Jeroen!E6,David!E6,Georgi!E6,Julek!E6,Sasha!E6,Theo!E6) -> 0.0625 | F6: =SUM(Jeroen!F6,David!F6,Georgi!F6,Julek!F6,Sasha!F6,Theo!F6) -> 0.14583333 | G6: =SUM(Jeroen!G6,David!G6,Georgi!G6,Julek!G6,Sasha!G6,Theo!G6) -> 0 | H6: =SUM(Jeroen!H6,David!H6,Georgi!H6,Julek!H6,Sasha!H6,Theo!H6) -> 0.25 | I6: =SUM(Jeroen!I6,David!I6,Georgi!I6,Julek!I6,Sasha!I6,Theo!I6) -> 0.0625 | J6: =SUM(Jeroen!J6,David!I6,Georgi!J6,Julek!J6,Sasha!J6,Theo!J6) -> 0.125 | K6: =SUM(Jeroen!K6,David!K6,Georgi!K6,Julek!K6,Sasha!K6,Theo!K6) -> 0.041666667 | L6: =SUM(Jeroen!L6,David!L6,Georgi!L6,Julek!L6,Sasha!L6,Theo!L6) -> 0 | M6: =SUM(C6:L6) -> 1.3541667 | N6: {=IF(INDEX(Tasks,1,3)<>"",100*M6/INDEX(Tasks,1,3),"")} -> 3250
B7: {=INDEX(Tasks,2,2)} -> Daily Scrum | C7: =SUM(Jeroen!C7,David!C7,Georgi!C7,Julek!C7,Sasha!C7,Theo!C7) -> 0.22916667 | D7: =SUM(Jeroen!D7,David!D7,Georgi!D7,Julek!D7,Sasha!D7,Theo!D7) -> 0.39583333 | E7: =SUM(Jeroen!E7,David!E7,Georgi!E7,Julek!E7,Sasha!E7,Theo!E7) -> 0.39583333 | F7: =SUM(Jeroen!F7,David!F7,Georgi!F7,Julek!F7,Sasha!F7,Theo!F7) -> 0.375 | G7: =SUM(Jeroen!G7,David!G7,Georgi!G7,Julek!G7,Sasha!G7,Theo!G7) -> 0.33333333 | H7: =SUM(Jeroen!H7,David!H7,Georgi!H7,Julek!H7,Sasha!H7,Theo!H7) -> 0.375 | I7: =SUM(Jeroen!I7,David!I7,Georgi!I7,Julek!I7,Sasha!I7,Theo!I7) -> 0.29166667 | J7: =SUM(Jeroen!J7,David!J7,Georgi!J7,Julek!J7,Sasha!J7,Theo!J7) -> 0.29166667 | ... L7: =SUM(Jeroen!L7,David!L7,Georgi!L7,Julek!L7,Sasha!L7,Theo!L7) -> 0 | M7: =SUM(C7:L7) -> 3.4583333 | N7: {=IF(INDEX(Tasks,2,3)<>"",100*M7/INDEX(Tasks,2,3),"")} -> 8300
B8: {=INDEX(Tasks,3,2)} -> Sprint Review | C8: =SUM(Jeroen!C8,David!C8,Georgi!C8,Julek!C8,Sasha!C8,Theo!C8) -> 0 | D8: =SUM(Jeroen!D8,David!D8,Georgi!D8,Julek!D8,Sasha!D8,Theo!D8) -> 0.10416667 | E8: =SUM(Jeroen!E8,David!E8,Georgi!E8,Julek!E8,Sasha!E8,Theo!E8) -> 0.083333333 | F8: =SUM(Jeroen!F8,David!F8,Georgi!F8,Julek!F8,Sasha!F8,Theo!F8) -> 0.16666667 | G8: =SUM(Jeroen!G8,David!G8,Georgi!G8,Julek!G8,Sasha!G8,Theo!G8) -> 0.083333333 | H8: =SUM(Jeroen!H8,David!H8,Georgi!H8,Julek!H8,Sasha!H8,Theo!H8) -> 0.041666667 | I8: =SUM(Jeroen!I8,David!I8,Georgi!I8,Julek!I8,Sasha!I8,Theo!I8) -> 0.1875 | J8: =SUM(Jeroen!J8,David!J8,Georgi!J8,Julek!J8,Sasha!J8,Theo!J8) -> 0.0625 | ... L8: =SUM(Jeroen!L8,David!L8,Georgi!L8,Julek!L8,Sasha!L8,Theo!L8) -> 0 | M8: =SUM(C8:L8) -> 1.0625 | N8: {=IF(INDEX(Tasks,3,3)<>"",100*M8/INDEX(Tasks,3,3),"")} -> 2550
B9: {=INDEX(Tasks,4,2)} -> Lectures/Plenary meetings | C9: =SUM(Jeroen!C9,David!C9,Georgi!C9,Julek!C9,Sasha!C9,Theo!C9) -> 0.29166667 | D9: =SUM(Jeroen!D9,David!D9,Georgi!D9,Julek!D9,Sasha!D9,Theo!D9) -> 0 | E9: =SUM(Jeroen!E9,David!E9,Georgi!E9,Julek!E9,Sasha!E9,Theo!E9) -> 0 | F9: =SUM(Jeroen!F9,David!F9,Georgi!F9,Julek!F9,Sasha!F9,Theo!F9) -> 0.125 | G9: =SUM(Jeroen!G9,David!G9,Georgi!G9,Julek!G9,Sasha!G9,Theo!G9) -> 0 | H9: =SUM(Jeroen!H9,David!H9,Georgi!H9,Julek!H9,Sasha!H9,Theo!H9) -> 0 | I9: =SUM(Jeroen!I9,David!I9,Georgi!I9,Julek!I9,Sasha!I9,Theo!I9) -> 0 | J9: =SUM(Jeroen!J9,David!J9,Georgi!J9,Julek!J9,Sasha!J9,Theo!J9) -> 0 | K9: =SUM(Jeroen!K9,David!K10,Georgi!K9,Julek!K9,Sasha!K9,Theo!K9) -> 0.020833333 | L9: =SUM(Jeroen!L9,David!L9,Georgi!L9,Julek!L9,Sasha!L9,Theo!L9) -> 0 | M9: =SUM(C9:L9) -> 0.4375 | N9: {=IF(INDEX(Tasks,4,3)<>"",100*M9/INDEX(Tasks,4,3),"")} -> 1050
B10: {=INDEX(Tasks,5,2)} -> Sprint Task 0. Administration | C10: =SUM(Jeroen!C10,David!C10,Georgi!C10,Julek!C10,Sasha!C10,Theo!C10) -> 0.39583333 | D10: =SUM(Jeroen!D10,David!D10,Georgi!D10,Julek!D10,Sasha!D10,Theo!D10) -> 0.52083333 | E10: =SUM(Jeroen!E10,David!E10,Georgi!E10,Julek!E10,Sasha!E10,Theo!E10) -> 0.41666667 | F10: =SUM(Jeroen!F10,David!F10,Georgi!F10,Julek!F10,Sasha!F10,Theo!F10) -> 0.16666667 | G10: =SUM(Jeroen!G10,David!G10,Georgi!G10,Julek!G10,Sasha!G10,Theo!G17) -> 0.27083333 | H10: =SUM(Jeroen!H10,David!H10,Georgi!H10,Julek!H10,Sasha!H10,Theo!H10) -> 0.020833333 | I10: =SUM(Jeroen!I10,David!I10,Georgi!I10,Julek!I10,Sasha!I10,Theo!I10) -> 0.041666667 | J10: =SUM(Jeroen!J10,David!J10,Georgi!J10,Julek!J10,Sasha!J10,Theo!J10) -> 0.041666667 | K10: =SUM(Jeroen!K10,David!K10,Georgi!K10,Julek!K10,Sasha!K10,Theo!K10) -> 0.14583333 | L10: =SUM(Jeroen!L10,David!L10,Georgi!L10,Julek!L10,Sasha!L10,Theo!L10) -> 0 | M10: =SUM(C10:L10) -> 2.0208333 | N10: {=IF(INDEX(Tasks,5,3)<>"",100*M10/INDEX(Tasks,5,3),"")} -> 4850
B11: {=INDEX(Tasks,6,2)} -> Sprint Task 1. Create website | C11: =SUM(Jeroen!C11,David!C11,Georgi!C11,Julek!C11,Sasha!C11,Theo!C11) -> 0.25 | D11: =SUM(Jeroen!D11,David!D11,Georgi!D11,Julek!D11,Sasha!D11,Theo!D11) -> 0.45833333 | E11: =SUM(Jeroen!E11,David!E11,Georgi!E11,Julek!E11,Sasha!E11,Theo!E11) -> 0.125 | F11: =SUM(Jeroen!F11,David!F11,Georgi!F11,Julek!F11,Sasha!F11,Theo!F11) -> 0.10416667 | G11: =SUM(Jeroen!G11,David!G11,Georgi!G11,Julek!G11,Sasha!G11,Theo!G11) -> 0.083333333 | H11: =SUM(Jeroen!H11,David!H11,Georgi!H11,Julek!H11,Sasha!H11,Theo!H11) -> 0 | I11: =SUM(Jeroen!I11,David!I11,Georgi!I11,Julek!I11,Sasha!I11,Theo!I11) -> 0 | J11: =SUM(Jeroen!J11,David!J11,Georgi!J11,Julek!J11,Sasha!J11,Theo!J11) -> 0 | ... L11: =SUM(Jeroen!L11,David!L11,Georgi!L11,Julek!L11,Sasha!L11,Theo!L11) -> 0 | M11: =SUM(C11:L11) -> 1.0416667 | N11: {=IF(INDEX(Tasks,6,3)<>"",100*M11/INDEX(Tasks,6,3),"")} -> 2500
B12: {=INDEX(Tasks,7,2)} -> Sprint Task 2. Create visualization 1 | C12: =SUM(Jeroen!C12,David!C12,Georgi!C12,Julek!C12,Sasha!C12,Theo!C12) -> 0.16666667 | D12: =SUM(Jeroen!D12,David!D12,Georgi!D12,Julek!D12,Sasha!D12,Theo!D12) -> 0.29166667 | E12: =SUM(Jeroen!E12,David!E12,Georgi!E12,Julek!E12,Sasha!E12,Theo!E12) -> 0.20833333 | F12: =SUM(Jeroen!F12,David!F12,Georgi!F12,Julek!F12,Sasha!F12,Theo!F12) -> 0.041666667 | G12: =SUM(Jeroen!G12,David!G12,Georgi!G12,Julek!G12,Sasha!G12,Theo!G12) -> 0 | H12: =SUM(Jeroen!H12,David!H12,Georgi!H12,Julek!H12,Sasha!H12,Theo!H12) -> 0 | I12: =SUM(Jeroen!I12,David!I12,Georgi!I12,Julek!I12,Sasha!I12,Theo!I12) -> 0 | J12: =SUM(Jeroen!J12,David!J12,Georgi!J12,Julek!J12,Sasha!J12,Theo!J12) -> 0 | ... L12: =SUM(Jeroen!L12,David!L12,Georgi!L12,Julek!L12,Sasha!L12,Theo!L12) -> 0 | M12: =SUM(C12:L12) -> 0.70833333 | N12: {=IF(INDEX(Tasks,7,3)<>"",100*M12/INDEX(Tasks,7,3),"")} -> 1700
B13: {=INDEX(Tasks,8,2)} -> Sprint Task 3. Allow for data upload | C13: =SUM(Jeroen!C13,David!C13,Georgi!C13,Julek!C13,Sasha!C13,Theo!C13) -> 0.20833333 | D13: =SUM(Jeroen!D13,David!D13,Georgi!D13,Julek!D13,Sasha!D13,Theo!D13) -> 0.375 | E13: =SUM(Jeroen!E13,David!E13,Georgi!E13,Julek!E13,Sasha!E13,Theo!E13) -> 1.1666667 | F13: =SUM(Jeroen!F13,David!F13,Georgi!F13,Julek!F13,Sasha!F13,Theo!F13) -> 0.083333333 | G13: =SUM(Jeroen!G13,David!G13,Georgi!G13,Julek!G13,Sasha!G13,Theo!G13) -> 0 | H13: =SUM(Jeroen!H13,David!H13,Georgi!H13,Julek!H13,Sasha!H13,Theo!H13) -> 0 | I13: =SUM(Jeroen!I13,David!I13,Georgi!I13,Julek!I13,Sasha!I13,Theo!I13) -> 0 | J13: =SUM(Jeroen!J13,David!J13,Georgi!J13,Julek!J13,Sasha!J13,Theo!J13) -> 0 | ... L13: =SUM(Jeroen!L13,David!L13,Georgi!L13,Julek!L13,Sasha!L13,Theo!L13) -> 0 | M13: =SUM(C13:L13) -> 1.8333333 | N13: {=IF(INDEX(Tasks,8,3)<>"",100*M13/INDEX(Tasks,8,3),"")} -> 4400
B14: {=INDEX(Tasks,9,2)} -> Sprint Task 4. Create draft interim report | C14: =SUM(Jeroen!C14,David!C14,Georgi!C14,Julek!C14,Sasha!C14,Theo!C14) -> 0 | D14: =SUM(Jeroen!D14,David!D14,Georgi!D14,Julek!D14,Sasha!D14,Theo!D14) -> 0.041666667 | E14: =SUM(Jeroen!E14,David!E14,Georgi!E14,Julek!E14,Sasha!E14,Theo!E13) -> 0.72916667 | F14: =SUM(Jeroen!F14,David!F14,Georgi!F14,Julek!F14,Sasha!F14,Theo!F14) -> 0.8125 | G14: =SUM(Jeroen!G14,David!G14,Georgi!G14,Julek!G14,Sasha!G14,Theo!G14) -> 0.875 | H14: =SUM(Jeroen!H14,David!H14,Georgi!H14,Julek!H14,Sasha!H14,Theo!H14) -> 0 | I14: =SUM(Jeroen!I14,David!I14,Georgi!I14,Julek!I14,Sasha!I14,Theo!I14) -> 0 | J14: =SUM(Jeroen!J14,David!J14,Georgi!J14,Julek!J14,Sasha!J14,Theo!J14) -> 0 | K14: =SUM(Jeroen!K14,David!K14,Georgi!K14,Julek!K14,Sasha!K14,Theo!K14) -> 0 | L14: =SUM(Jeroen!L14,David!L14,Georgi!L14,Julek!L14,Sasha!L14,Theo!L14) -> 0 | M14: =SUM(C14:L14) -> 2.4583333 | N14: {=IF(INDEX(Tasks,9,3)<>"",100*M14/INDEX(Tasks,9,3),"")} -> 5900
B15: {=INDEX(Tasks,10,2)} -> Sprint Task 5. Create visualization 2 | C15: =SUM(Jeroen!C15,David!C15,Georgi!C15,Julek!C15,Sasha!C15,Theo!C15) -> 0 | D15: =SUM(Jeroen!D15,David!D15,Georgi!D15,Julek!D15,Sasha!D15,Theo!D15) -> 0 | E15: =SUM(Jeroen!E15,David!E15,Georgi!E15,Julek!E15,Sasha!E15,Theo!E15) -> 0.125 | F15: =SUM(Jeroen!F15,David!F15,Georgi!F15,Julek!F15,Sasha!F15,Theo!F15) -> 0 | G15: =SUM(Jeroen!G15,David!G15,Georgi!G15,Julek!G15,Sasha!G15,Theo!G15) -> 0 | H15: =SUM(Jeroen!H15,David!H15,Georgi!H15,Julek!H15,Sasha!H15,Theo!H15) -> 0 | I15: =SUM(Jeroen!I15,David!I15,Georgi!I15,Julek!I15,Sasha!I15,Theo!I15) -> 0 | J15: =SUM(Jeroen!J15,David!J15,Georgi!J15,Julek!J15,Sasha!J15,Theo!J15) -> 0 | ... L15: =SUM(Jeroen!L15,David!L15,Georgi!L15,Julek!L15,Sasha!L15,Theo!L15) -> 0 | M15: =SUM(C15:L15) -> 0.125 | N15: {=IF(INDEX(Tasks,10,3)<>"",100*M15/INDEX(Tasks,10,3),"")} -> 300
B16: {=INDEX(Tasks,11,2)} -> Sprint Task 6. Add interactions | C16: =SUM(Jeroen!C16,David!C16,Georgi!C16,Julek!C16,Sasha!C16,Theo!C16) -> 0 | D16: =SUM(Jeroen!D16,David!D16,Georgi!D16,Julek!D16,Sasha!D16,Theo!D16) -> 0.041666667 | E16: =SUM(Jeroen!E16,David!E16,Georgi!E16,Julek!E16,Sasha!E16,Theo!E16) -> 0.39583333 | F16: =SUM(Jeroen!F16,David!F16,Georgi!F16,Julek!F16,Sasha!F16,Theo!F16) -> 0 | G16: =SUM(Jeroen!G16,David!G16,Georgi!G16,Julek!G16,Sasha!G16,Theo!G16) -> 0 | H16: =SUM(Jeroen!H16,David!H16,Georgi!H16,Julek!H16,Sasha!H16,Theo!H16) -> 0 | I16: =SUM(Jeroen!I16,David!I16,Georgi!I16,Julek!I16,Sasha!I16,Theo!I16) -> 0 | J16: =SUM(Jeroen!J16,David!J16,Georgi!J16,Julek!J16,Sasha!J16,Theo!J16) -> 0 | ... L16: =SUM(Jeroen!L16,David!L16,Georgi!L16,Julek!L16,Sasha!L16,Theo!L16) -> 0 | M16: =SUM(C16:L16) -> 0.4375 | N16: {=IF(INDEX(Tasks,11,3)<>"",100*M16/INDEX(Tasks,11,3),"")} -> 1050
B17: {=INDEX(Tasks,12,2)} -> Sprint Task 7. Create interim video | C17: =SUM(Jeroen!C17,David!C17,Georgi!C17,Julek!C17,Sasha!C17,Theo!C17) -> 0 | D17: =SUM(Jeroen!D17,David!D17,Georgi!D17,Julek!D17,Sasha!D17,Theo!D17) -> 0 | E17: =SUM(Jeroen!E17,David!E17,Georgi!E17,Julek!E17,Sasha!E17,Theo!E17) -> 0 | F17: =SUM(Jeroen!F17,David!F17,Georgi!F17,Julek!F17,Sasha!F17,Theo!F17) -> 0 | G17: =SUM(Jeroen!G17,David!G17,Georgi!G17,Julek!G17,Sasha!G17,Theo!G17) -> 0.875 | H17: =SUM(Jeroen!H17,David!H17,Georgi!H17,Julek!H17,Sasha!H17) -> 0 | I17: =SUM(Jeroen!I17,David!I17,Georgi!I17,Julek!I17,Sasha!I17,Theo!I17) -> 0 | J17: =SUM(Jeroen!J17,David!J17,Georgi!J17,Julek!J17,Sasha!J17,Theo!J17) -> 0.125 | K17: =SUM(Jeroen!K17,David!K17,Georgi!K17,Julek!K17,Sasha!K17,Theo!K17) -> 0 | L17: =SUM(Jeroen!L17,David!L17,Georgi!L17,Julek!L17,Sasha!L17,Theo!L17) -> 0 | M17: =SUM(C17:L17) -> 1 | N17: {=IF(INDEX(Tasks,12,3)<>"",100*M17/INDEX(Tasks,12,3),"")}
B18: {=INDEX(Tasks,13,2)} -> Sprint Task 8. Scalability | C18: =SUM(Jeroen!C18,David!C18,Georgi!C18,Julek!C18,Sasha!C18,Theo!C18) -> 0 | D18: =SUM(Jeroen!D18,David!D18,Georgi!D18,Julek!D18,Sasha!D18,Theo!D18) -> 0 | E18: =SUM(Jeroen!E18,David!E18,Georgi!E18,Julek!E18,Sasha!E18,Theo!E18) -> 0 | F18: =SUM(Jeroen!F18,David!F18,Georgi!F18,Julek!F18,Sasha!F18,Theo!F18) -> 0 | G18: =SUM(Jeroen!G18,David!G18,Georgi!G18,Julek!G18,Sasha!G18,Theo!G18) -> 0 | H18: =SUM(Jeroen!H18,David!H18,Georgi!H18,Julek!H18,Sasha!H18,Theo!H18) -> 0.22916667 | I18: =SUM(Jeroen!I18,David!I18,Georgi!I18,Julek!I18,Sasha!I18,Theo!I18) -> 0.041666667 | J18: =SUM(Jeroen!J18,David!J18,Georgi!J18,Julek!J18,Sasha!J18,Theo!J18) -> 0 | K18: =SUM(Jeroen!K18,David!J17,Georgi!K18,Julek!K18,Sasha!K18,Theo!K18) -> 0.125 | L18: =SUM(Jeroen!L18,David!L18,Georgi!L18,Julek!L18,Sasha!L18,Theo!L18) -> 0 | M18: =SUM(C18:L18) -> 0.39583333 | N18: {=IF(INDEX(Tasks,13,3)<>"",100*M18/INDEX(Tasks,13,3),"")}
B19: {=INDEX(Tasks,14,2)} -> Sprint Task 9. Ordering in visualizations | C19: =SUM(Jeroen!C19,David!C19,Georgi!C19,Julek!C19,Sasha!C19,Theo!C19) -> 0 | D19: =SUM(Jeroen!D19,David!D19,Georgi!D19,Julek!D19,Sasha!D19,Theo!D19) -> 0 | E19: =SUM(Jeroen!E19,David!E19,Georgi!E19,Julek!E19,Sasha!E19,Theo!E19) -> 0 | F19: =SUM(Jeroen!F19,David!F19,Georgi!F19,Julek!F19,Sasha!F19,Theo!F19) -> 0 | G19: =SUM(Jeroen!G19,David!G19,Georgi!G19,Julek!G19,Sasha!G19,Theo!G19) -> 0 | H19: =SUM(Jeroen!H19,David!H19,Georgi!H19,Julek!H19,Sasha!H19,Theo!H19) -> 0.54166667 | I19: =SUM(Jeroen!I19,David!I19,Georgi!I19,Julek!I19,Sasha!I19,Theo!I19) -> 1.625 | J19: =SUM(Jeroen!J19,David!J19,Georgi!J19,Julek!J19,Sasha!J19,Theo!J19) -> 0.58333333 | ... L19: =SUM(Jeroen!L19,David!L19,Georgi!L19,Julek!L19,Sasha!L19,Theo!L19) -> 0 | M19: =SUM(C19:L19) -> 3.2083333 | N19: {=IF(INDEX(Tasks,14,3)<>"",100*M19/INDEX(Tasks,14,3),"")}
B20: {=INDEX(Tasks,15,2)} -> Sprint Task 10. Upgrade interactions | C20: =SUM(Jeroen!C20,David!C20,Georgi!C20,Julek!C20,Sasha!C20,Theo!C20) -> 0 | D20: =SUM(Jeroen!D20,David!D20,Georgi!D20,Julek!D20,Sasha!D20,Theo!D20) -> 0 | E20: =SUM(Jeroen!E20,David!E20,Georgi!E20,Julek!E20,Sasha!E20,Theo!E20) -> 0 | F20: =SUM(Jeroen!F20,David!F20,Georgi!F20,Julek!F20,Sasha!F20,Theo!F20) -> 0 | G20: =SUM(Jeroen!G20,David!G20,Georgi!G20,Julek!G20,Sasha!G20,Theo!G20) -> 0 | H20: =SUM(Jeroen!H20,David!H20,Georgi!H20,Julek!H20,Sasha!H20,Theo!H20) -> 0.29166667 | I20: =SUM(Jeroen!I20,David!I20,Georgi!I20,Julek!I20,Sasha!I20,Theo!I20) -> 0.25 | J20: =SUM(Jeroen!J20,David!J20,Georgi!J20,Julek!J20,Sasha!J20,Theo!J20) -> 0.29166667 | ... L20: =SUM(Jeroen!L20,David!L20,Georgi!L20,Julek!L20,Sasha!L20,Theo!L20) -> 0 | M20: =SUM(C20:L20) -> 1.25 | N20: {=IF(INDEX(Tasks,15,3)<>"",100*M20/INDEX(Tasks,15,3),"")}
B21: {=INDEX(Tasks,16,2)} -> Sprint Task 11. Upgrade the website | C21: =SUM(Jeroen!C21,David!C21,Georgi!C21,Julek!C21,Sasha!C21,Theo!C21) -> 0 | D21: =SUM(Jeroen!D21,David!D21,Georgi!D21,Julek!D21,Sasha!D21,Theo!D21) -> 0 | E21: =SUM(Jeroen!E21,David!E21,Georgi!E21,Julek!E21,Sasha!E21,Theo!E21) -> 0 | F21: =SUM(Jeroen!F21,David!F21,Georgi!F21,Julek!F21,Sasha!F21,Theo!F21) -> 0 | G21: =SUM(Jeroen!G21,David!G21,Georgi!G21,Julek!G21,Sasha!G21,Theo!G21) -> 0 | H21: =SUM(Jeroen!H21,David!H21,Georgi!H21,Julek!H21,Sasha!H21,Theo!H21) -> 0.29166667 | I21: =SUM(Jeroen!I21,David!I21,Georgi!I21,Julek!I21,Sasha!I21,Theo!I21) -> 1.125 | J21: =SUM(Jeroen!J21,David!J21,Georgi!J21,Julek!J21,Sasha!J21,Theo!J21) -> 0.97916667 | ... L21: =SUM(Jeroen!L21,David!L21,Georgi!L21,Julek!L21,Sasha!L21,Theo!L21) -> 0 | M21: =SUM(C21:L21) -> 3.0833333 | N21: {=IF(INDEX(Tasks,16,3)<>"",100*M21/INDEX(Tasks,16,3),"")}
B22: {=INDEX(Tasks,17,2)} -> Sprint Task 12. Create Final Report | C22: =SUM(Jeroen!C22,David!C22,Georgi!C22,Julek!C22,Sasha!C22,Theo!C22) -> 0 | D22: =SUM(Jeroen!D22,David!D22,Georgi!D22,Julek!D22,Sasha!D22,Theo!D22) -> 0 | E22: =SUM(Jeroen!E22,David!E22,Georgi!E22,Julek!E22,Sasha!E22,Theo!E22) -> 0 | F22: =SUM(Jeroen!F22,David!F22,Georgi!F22,Julek!F22,Sasha!F22,Theo!F22) -> 0 | G22: =SUM(Jeroen!G22,David!G22,Georgi!G22,Julek!G22,Sasha!G22,Theo!G22) -> 0 | H22: =SUM(Jeroen!H22,David!H22,Georgi!H22,Julek!H22,Sasha!H22,Theo!H22) -> 0 | I22: =SUM(Jeroen!I22,David!I22,Georgi!I22,Julek!I22,Sasha!I22,Theo!I22) -> 0.16666667 | J22: =SUM(Jeroen!J22,David!J22,Georgi!J22,Julek!J22,Sasha!J22,Theo!J22) -> 0.72916667 | K22: =SUM(Jeroen!K22,David!K22,Georgi!K22,Julek!K22,Sasha!K22) -> 2 | L22: =SUM(Jeroen!L22,David!L22,Georgi!L22,Julek!L22,Sasha!L22,Theo!L22) -> 0 | M22: =SUM(C22:L22) -> 2.8958333 | N22: {=IF(INDEX(Tasks,17,3)<>"",100*M22/INDEX(Tasks,17,3),"")}
B23: {=INDEX(Tasks,18,2)} -> Sprint Task 13. Create Final Video | C23: =SUM(Jeroen!C23,David!C23,Georgi!C23,Julek!C23,Sasha!C23,Theo!C23) -> 0 | D23: =SUM(Jeroen!D23,David!D23,Georgi!D23,Julek!D23,Sasha!D23,Theo!D23) -> 0 | E23: =SUM(Jeroen!E23,David!E23,Georgi!E23,Julek!E23,Sasha!E23,Theo!E23) -> 0 | F23: =SUM(Jeroen!F23,David!F23,Georgi!F23,Julek!F23,Sasha!F23,Theo!F23) -> 0 | G23: =SUM(Jeroen!G23,David!G23,Georgi!G23,Julek!G23,Sasha!G23,Theo!G23) -> 0 | H23: =SUM(Jeroen!H23,David!H23,Georgi!H23,Julek!H23,Sasha!H23,Theo!H23) -> 0 | I23: =SUM(Jeroen!I23,David!I23,Georgi!I23,Julek!I23,Sasha!I23,Theo!I23) -> 0 | J23: =SUM(Jeroen!J23,David!J23,Georgi!J23,Julek!J23,Sasha!J23,Theo!J23) -> 0.91666667 | K23: =SUM(Jeroen!K23,David!K23,Georgi!K23,Julek!K23,Sasha!K23,Theo!K22) -> 0.64583333 | L23: =SUM(Jeroen!L23,David!L23,Georgi!L23,Julek!L23,Sasha!L23,Theo!L23) -> 0 | M23: =SUM(C23:L23) -> 1.5625 | N23: {=IF(INDEX(Tasks,18,3)<>"",100*M23/INDEX(Tasks,18,3),"")}
B24: {=INDEX(Tasks,19,2)} -> Sprint Task x.x | C24: =SUM(Jeroen!C24,David!C24,Georgi!C24,Julek!C24,Sasha!C24,Theo!C24) -> 0 | D24: =SUM(Jeroen!D24,David!D24,Georgi!D24,Julek!D24,Sasha!D24,Theo!D24) -> 0 | E24: =SUM(Jeroen!E24,David!E24,Georgi!E24,Julek!E24,Sasha!E24,Theo!E24) -> 0 | F24: =SUM(Jeroen!F24,David!F24,Georgi!F24,Julek!F24,Sasha!F24,Theo!F24) -> 0 | G24: =SUM(Jeroen!G24,David!G24,Georgi!G24,Julek!G24,Sasha!G24,Theo!G24) -> 0 | H24: =SUM(Jeroen!H24,David!H24,Georgi!H24,Julek!H24,Sasha!H24,Theo!H24) -> 0 | I24: =SUM(Jeroen!I24,David!I24,Georgi!I24,Julek!I24,Sasha!I24,Theo!I24) -> 0 | J24: =SUM(Jeroen!J24,David!J24,Georgi!J24,Julek!J24,Sasha!J24,Theo!J24) -> 0 | ... L24: =SUM(Jeroen!L24,David!L24,Georgi!L24,Julek!L24,Sasha!L24,Theo!L24) -> 0 | M24: =SUM(C24:L24) -> 0 | N24: {=IF(INDEX(Tasks,19,3)<>"",100*M24/INDEX(Tasks,19,3),"")}
B25: {=INDEX(Tasks,20,2)} -> Sprint Task x.x | C25: =SUM(Jeroen!C25,David!C25,Georgi!C25,Julek!C25,Sasha!C25,Theo!C25) -> 0 | D25: =SUM(Jeroen!D25,David!D25,Georgi!D25,Julek!D25,Sasha!D25,Theo!D25) -> 0 | E25: =SUM(Jeroen!E25,David!E25,Georgi!E25,Julek!E25,Sasha!E25,Theo!E25) -> 0 | F25: =SUM(Jeroen!F25,David!F25,Georgi!F25,Julek!F25,Sasha!F25,Theo!F25) -> 0 | G25: =SUM(Jeroen!G25,David!G25,Georgi!G25,Julek!G25,Sasha!G25,Theo!G25) -> 0 | H25: =SUM(Jeroen!H25,David!H25,Georgi!H25,Julek!H25,Sasha!H25,Theo!H25) -> 0 | I25: =SUM(Jeroen!I25,David!I25,Georgi!I25,Julek!I25,Sasha!I25,Theo!I25) -> 0 | J25: =SUM(Jeroen!J25,David!J25,Georgi!J25,Julek!J25,Sasha!J25,Theo!J25) -> 0 | ... L25: =SUM(Jeroen!L25,David!L25,Georgi!L25,Julek!L25,Sasha!L25,Theo!L25) -> 0 | M25: =SUM(C25:L25) -> 0 | N25: {=IF(INDEX(Tasks,20,3)<>"",100*M25/INDEX(Tasks,20,3),"")}
C30: week1 | D30: week2 | E30: week3 | F30: week4 | G30: week5 | H30: week6 | I30: week7 | J30: week8 | K30: week9 | L30: week10 | M30: Totals
B31: {=INDEX(Participants,1,2)} -> David | C31: =David!C26 -> 0.22916667 | D31: =David!D26 -> 0.6875 | E31: =David!E26 -> 1 | F31: =David!F26 -> 0.33333333 | G31: =David!G26 -> 0.66666667 | H31: =David!H26 -> 0.5 | I31: =David!I26 -> 0.83333333 | J31: =David!J26 -> 0.70833333 | ... L31: =David!L26 -> 0 | M31: =SUM(C31:L31) -> 6.2916667
B32: {=INDEX(Participants,2,2)} -> Georgi | C32: =Georgi!C26 -> 0.1875 | D32: =Georgi!D26 -> 0.27083333 | E32: =Georgi!E26 -> 0.41666667 | F32: =Georgi!F26 -> 0 | G32: =Georgi!G26 -> 0 | H32: =Georgi!H26 -> 0 | I32: =Georgi!I26 -> 0 | J32: =Georgi!J26 -> 0 | ... L32: =Georgi!L26 -> 0 | M32: =SUM(C32:L32) -> 0.875
B33: {=INDEX(Participants,3,2)} -> Jeroen | C33: =Jeroen!C26 -> 0.35416667 | D33: =Jeroen!D26 -> 0.39583333 | E33: =Jeroen!E26 -> 0.5 | F33: =Jeroen!F26 -> 0.27083333 | G33: =Jeroen!G26 -> 0.41666667 | H33: =Jeroen!H26 -> 0.52083333 | I33: =Jeroen!I26 -> 0.5 | J33: =Jeroen!J26 -> 0.72916667 | ... L33: =Jeroen!L26 -> 0 | M33: =SUM(C33:L33) -> 5.3541667
B34: {=INDEX(Participants,4,2)} -> Julek | C34: =Julek!C26 -> 0.41666667 | D34: =Julek!D26 -> 0.4375 | E34: =Julek!E26 -> 0.27083333 | F34: =Julek!F26 -> 0.58333333 | G34: =Julek!G26 -> 0.45833333 | H34: =Julek!H26 -> 0.41666667 | I34: =Julek!I26 -> 0.5625 | J34: =Julek!J26 -> 0.9375 | ... L34: =Julek!L26 -> 0 | M34: =SUM(C34:L34) -> 5.125
B35: {=INDEX(Participants,5,2)} -> Sasha | C35: =Sasha!C26 -> 0.29166667 | D35: =Sasha!D26 -> 0.52083333 | E35: =Sasha!E26 -> 0.75 | F35: =Sasha!F26 -> 0.39583333 | G35: =Sasha!G26 -> 0.45833333 | H35: =Sasha!H26 -> 0.27083333 | I35: =Sasha!I26 -> 0.95833333 | J35: =Sasha!J26 -> 0.54166667 | ... L35: =Sasha!L26 -> 0 | M35: =SUM(C35:L35) -> 5.0625
B36: {=INDEX(Participants,6,2)} -> Theo | C36: =Theo!C26 -> 0.27083333 | D36: =Theo!D26 -> 0.375 | E36: =Theo!E26 -> 0.54166667 | F36: =Theo!F26 -> 0.4375 | G36: =Theo!G26 -> 0.375 | H36: =Theo!H26 -> 0.33333333 | I36: =Theo!I26 -> 0.9375 | J36: =Theo!J26 -> 1.1666667 | ... L36: =Theo!L26 -> 0 | M36: =SUM(C36:L36) -> 5.0416667
B37: {=INDEX(Participants,7,2)} -> Total budget | C37: =SUM(C31:C36) -> 1.75 | D37: =SUM(D31:D36) -> 2.6875 | E37: =SUM(E31:E36) -> 3.4791667 | F37: =SUM(F31:F36) -> 2.0208333 | G37: =SUM(G31:G36) -> 2.375 | H37: =SUM(H31:H36) -> 2.0416667 | I37: =SUM(I31:I36) -> 3.7916667 | J37: =SUM(J31:J36) -> 4.0833333 | ... L37: =SUM(L31:L36) -> 0 | M37: =SUM(C37:L37) -> 27.75
B38: {=INDEX(Participants,8,2)}
